Cluster,Count,Annual Income (k$)_mean,Annual Income (k$)_median,Spending Score (1-100)_mean,Spending Score (1-100)_median,Age_mean,Age_median
0,58,47.62068965517241,48.5,41.706896551724135,46.0,55.275862068965516,53.0
1,40,86.1,78.5,81.525,83.0,32.875,32.0
2,26,26.115384615384617,24.5,74.84615384615384,75.5,25.76923076923077,24.0
3,45,54.31111111111111,59.0,40.91111111111111,46.0,26.733333333333334,26.0
4,31,89.7741935483871,87.0,18.483870967741936,17.0,44.38709677419355,44.0
